-- phpMyAdmin SQL Dump
-- version 5.2.1
-- https://www.phpmyadmin.net/
--
-- Host: 127.0.0.1
-- Generation Time: Jul 25, 2023 at 05:18 PM
-- Server version: 10.4.28-MariaDB
-- PHP Version: 8.2.4

SET SQL_MODE = "NO_AUTO_VALUE_ON_ZERO";
START TRANSACTION;
SET time_zone = "+00:00";


/*!40101 SET @OLD_CHARACTER_SET_CLIENT=@@CHARACTER_SET_CLIENT */;
/*!40101 SET @OLD_CHARACTER_SET_RESULTS=@@CHARACTER_SET_RESULTS */;
/*!40101 SET @OLD_COLLATION_CONNECTION=@@COLLATION_CONNECTION */;
/*!40101 SET NAMES utf8mb4 */;

--
-- Database: `exam_db`
--

-- --------------------------------------------------------

--
-- Table structure for table `albums`
--

CREATE TABLE `albums` (
  `id` bigint(20) UNSIGNED NOT NULL,
  `artist_id` bigint(20) UNSIGNED NOT NULL,
  `name` varchar(255) NOT NULL,
  `sales` int(11) NOT NULL,
  `date_release` date NOT NULL,
  `created_at` timestamp NULL DEFAULT NULL,
  `updated_at` timestamp NULL DEFAULT NULL
) ENGINE=InnoDB DEFAULT CHARSET=utf8mb4 COLLATE=utf8mb4_unicode_ci;

--
-- Dumping data for table `albums`
--

INSERT INTO `albums` (`id`, `artist_id`, `name`, `sales`, `date_release`, `created_at`, `updated_at`) VALUES
(1, 2, 'Complete with You: Special Album', 43058, '2022-01-17', '2023-07-25 04:24:13', '2022-01-30 16:00:00'),
(2, 3, 'Savage', 19629, '2021-10-05', '2023-07-25 04:24:13', '2022-04-29 16:00:00'),
(3, 4, 'Horn', 58641, '2022-02-14', '2023-07-25 04:24:13', '2022-02-27 16:00:00'),
(4, 5, 'Zero: Fever Epilogue', 3578, '2021-12-10', '2023-07-25 04:24:13', '2022-01-30 16:00:00'),
(5, 6, 'Intersection: Blaze', 16801, '2022-03-30', '2023-07-25 04:24:13', '2022-04-29 16:00:00'),
(6, 7, 'B', 87540, '2022-01-18', '2023-07-25 04:24:13', '2022-01-30 16:00:00'),
(7, 8, '2', 6933, '2022-03-02', '2023-07-25 04:24:13', '2022-03-30 16:00:00'),
(8, 9, 'The Collective Soul and Unconscious: Chapter One', 66885, '2022-02-23', '2023-07-25 04:24:13', '2022-04-29 16:00:00'),
(9, 10, 'Bobbin', 17719, '2022-01-03', '2023-07-25 04:24:13', '2022-01-30 16:00:00'),
(10, 11, 'Seoul', 2596, '2022-04-20', '2023-07-25 04:24:13', '2022-04-29 16:00:00'),
(11, 12, 'Thank You', 33605, '2022-03-15', '2023-07-25 04:24:13', '2022-03-30 16:00:00'),
(12, 13, 'Be Together', 121528, '2022-02-21', '2023-07-25 04:24:13', '2022-03-30 16:00:00'),
(13, 14, 'Smiley', 84346, '2022-01-17', '2023-07-25 04:24:13', '2022-03-30 16:00:00'),
(14, 15, 'Liberty: In Our Cosmos Part.2', 123922, '2022-03-22', '2023-07-25 04:24:13', '2022-04-29 16:00:00'),
(15, 16, 'Cherry Wish', 20250, '2022-03-02', '2023-07-25 04:24:13', '2022-03-30 16:00:00'),
(16, 17, 'Love', 41148, '2022-01-26', '2023-07-25 04:24:13', '2022-01-30 16:00:00'),
(17, 18, 'Chase, Ep.2-Maum', 118583, '2022-04-12', '2023-07-25 04:24:13', '2022-04-29 16:00:00'),
(18, 19, 'Apocalypse: Save Us', 94706, '2022-04-12', '2023-07-25 04:24:13', '2022-04-29 16:00:00'),
(19, 20, 'Villian', 37535, '2022-01-17', '2023-07-25 04:24:13', '2022-04-29 16:00:00'),
(20, 21, 'Roar', 48695, '2022-04-27', '2023-07-25 04:24:13', '2022-04-29 16:00:00'),
(21, 22, 'Dimension: Dilemma', 27591, '2021-10-12', '2023-07-25 04:24:13', '2022-04-29 16:00:00'),
(22, 22, 'Dimension: Answer', 621425, '2022-01-10', '2023-07-25 04:24:13', '2022-04-29 16:00:00'),
(23, 23, 'Book of Anxiety Chapter1. 21st Century Boys', 71584, '2022-04-11', '2023-07-25 04:24:13', '2022-04-29 16:00:00'),
(24, 24, 'Epik High is Here', 5382, '2022-02-14', '2023-07-25 04:24:13', '2022-02-27 16:00:00'),
(25, 25, 'There and Back Again', 2183, '2022-01-07', '2023-07-25 04:24:13', '2022-04-29 16:00:00'),
(26, 26, 'Return of the Girl', 2450, '2021-12-01', '2023-07-25 04:24:13', '2022-01-30 16:00:00'),
(27, 27, 'Midnight Guest', 120245, '2022-01-17', '2023-07-25 04:24:13', '2022-03-30 16:00:00'),
(28, 28, 'I Never Die', 198589, '2022-03-14', '2023-07-25 04:24:13', '2022-04-29 16:00:00'),
(29, 29, 'Arcade: V', 9311, '2022-04-07', '2023-07-25 04:24:13', '2022-04-29 16:00:00'),
(30, 30, 'You', 18717, '2022-02-09', '2023-07-25 04:24:13', '2022-02-27 16:00:00'),
(31, 31, 'Daydream', 86293, '2022-03-21', '2023-07-25 04:24:13', '2022-04-29 16:00:00'),
(32, 32, 'Love in Bloom', 3181, '2022-04-04', '2023-07-25 04:24:13', '2022-04-29 16:00:00'),
(33, 33, 'Eleven', 37284, '2021-12-01', '2023-07-25 04:24:13', '2022-04-29 16:00:00'),
(34, 33, 'Love Dive', 440067, '2022-04-05', '2023-07-25 04:24:13', '2022-04-29 16:00:00'),
(35, 34, 'Restore', 57401, '2022-01-17', '2023-07-25 04:24:13', '2022-02-27 16:00:00'),
(36, 35, 'Just Begun', 51504, '2022-04-14', '2023-07-25 04:24:13', '2022-04-29 16:00:00'),
(37, 36, 'Peaches', 5373, '2021-11-30', '2023-07-25 04:24:13', '2022-01-30 16:00:00'),
(38, 37, 'Winter Special Album: W', 18305, '2022-01-04', '2023-07-25 04:24:13', '2022-01-30 16:00:00'),
(39, 38, 'First Impact', 271048, '2022-01-03', '2023-07-25 04:24:13', '2022-04-29 16:00:00'),
(40, 39, 'Voyager', 141407, '2022-03-15', '2023-07-25 04:24:13', '2022-04-29 16:00:00'),
(41, 40, 'The Letter', 9639, '2021-12-28', '2023-07-25 04:24:13', '2022-01-30 16:00:00'),
(42, 41, 'Dimension', 55470, '2022-03-17', '2023-07-25 04:24:13', '2022-04-29 16:00:00'),
(43, 42, 'Savior', 28082, '2022-04-22', '2023-07-25 04:24:13', '2022-04-29 16:00:00'),
(44, 43, 'Reve: 3rd Desire', 67957, '2022-03-07', '2023-07-25 04:24:13', '2022-03-30 16:00:00'),
(45, 44, 'Illusoin', 51754, '2022-01-10', '2023-07-25 04:24:13', '2022-01-30 16:00:00'),
(46, 45, 'History of Kingdom: Pt. 4: Dann', 19450, '2022-03-31', '2023-07-25 04:24:13', '2022-04-29 16:00:00'),
(47, 46, 'Color', 55923, '2022-04-04', '2023-07-25 04:24:13', '2022-04-29 16:00:00'),
(48, 47, 'Love Story (4 Season Project хнг)', 37215, '2022-01-25', '2023-07-25 04:24:13', '2022-02-27 16:00:00'),
(49, 48, 'Same Spot', 7673, '2022-03-24', '2023-07-25 04:24:13', '2022-03-30 16:00:00'),
(50, 49, 'Even if it becomes ruins', 7640, '2021-11-24', '2023-07-25 04:24:13', '2022-02-27 16:00:00'),
(51, 50, 'Lalisa', 73336, '2021-09-10', '2023-07-25 04:24:13', '2022-04-29 16:00:00'),
(52, 51, 'Moonlight', 3705, '2022-01-17', '2023-07-25 04:24:13', '2022-01-30 16:00:00'),
(53, 52, 'Devil', 21831, '2022-01-13', '2023-07-25 04:24:13', '2022-02-27 16:00:00'),
(54, 53, 'Marvelous', 48067, '2022-01-12', '2023-07-25 04:24:13', '2022-01-30 16:00:00'),
(55, 54, 'My', 90064, '2022-04-27', '2023-07-25 04:24:13', '2022-04-29 16:00:00'),
(56, 55, 'No Limit', 23015, '2021-11-19', '2023-07-25 04:24:13', '2022-02-27 16:00:00'),
(57, 55, 'Shape of Love', 284668, '2022-04-26', '2023-07-25 04:24:13', '2022-04-29 16:00:00'),
(58, 56, 'Refuge', 144205, '2022-03-15', '2023-07-25 04:24:13', '2022-04-29 16:00:00'),
(59, 57, '6equence', 78120, '2022-01-19', '2023-07-25 04:24:13', '2022-02-27 16:00:00'),
(60, 57, 'CITT: Cheese in the Trap', 86508, '2022-04-28', '2023-07-25 04:24:13', '2022-04-29 16:00:00'),
(61, 58, 'Sticker', 31194, '2021-09-17', '2023-07-25 04:24:13', '2022-04-29 16:00:00'),
(62, 58, 'Favorite', 30331, '2021-10-25', '2023-07-25 04:24:13', '2022-03-30 16:00:00'),
(63, 59, 'Universe', 118633, '2021-12-14', '2023-07-25 04:24:13', '2022-04-29 16:00:00'),
(64, 60, 'Glitch Mode', 1649993, '2022-03-28', '2023-07-25 04:24:13', '2022-04-29 16:00:00'),
(65, 61, 'New World', 3618, '2022-03-30', '2023-07-25 04:24:13', '2022-04-29 16:00:00'),
(66, 62, 'Ad Mare', 406936, '2022-02-22', '2023-07-25 04:24:13', '2022-04-29 16:00:00'),
(67, 63, 'Need & Bubble: Nu\'est the Best Album', 63446, '2022-03-15', '2023-07-25 04:24:13', '2022-03-30 16:00:00'),
(68, 64, 'Real Love', 66912, '2022-03-28', '2023-07-25 04:24:13', '2022-04-29 16:00:00'),
(69, 65, 'Love Me Like', 86941, '2022-01-05', '2023-07-25 04:24:13', '2022-01-30 16:00:00'),
(70, 66, 'Dice', 119006, '2022-04-11', '2023-07-25 04:24:13', '2022-04-29 16:00:00'),
(71, 67, 'Planet Nine: Voyager', 18075, '2022-01-04', '2023-07-25 04:24:13', '2022-02-27 16:00:00'),
(72, 68, 'Goosebumps', 4396, '2021-12-03', '2023-07-25 04:24:13', '2022-01-30 16:00:00'),
(73, 69, 'Instint, Pt.2', 49362, '2022-01-14', '2023-07-25 04:24:13', '2022-01-30 16:00:00'),
(74, 70, 'Disharmony: Find Out', 91969, '2022-01-03', '2023-07-25 04:24:13', '2022-01-30 16:00:00'),
(75, 71, 'In:Vite U', 90114, '2022-01-24', '2023-07-25 04:24:13', '2022-02-27 16:00:00'),
(76, 72, 'Memem', 32266, '2022-03-29', '2023-07-25 04:24:13', '2022-03-30 16:00:00'),
(77, 73, 'Love & Fight', 10359, '2022-02-08', '2023-07-25 04:24:13', '2022-02-27 16:00:00'),
(78, 74, 'The Reve Festival 2022: Feel My Rhythm', 560838, '2022-03-21', '2023-07-25 04:24:13', '2022-04-29 16:00:00'),
(79, 75, 'Yellow Punch', 20055, '2022-02-28', '2023-07-25 04:24:13', '2022-04-29 16:00:00'),
(80, 76, 'Attacca', 30049, '2021-10-22', '2023-07-25 04:24:13', '2022-04-29 16:00:00'),
(81, 77, 'Face', 43599, '2022-03-16', '2023-07-25 04:24:13', '2022-04-29 16:00:00'),
(82, 78, '2021 Winter SMTOWN: SMCU Express', 56940, '2021-12-27', '2023-07-25 04:24:13', '2022-01-30 16:00:00'),
(83, 78, '2021 Winter SMTOWN: SMCU Express', 12971, '2021-12-27', '2023-07-25 04:24:13', '2022-03-30 16:00:00'),
(84, 78, '2021 Winter SMTOWN: SMCU Express', 5974, '2021-12-27', '2023-07-25 04:24:13', '2022-03-30 16:00:00'),
(85, 78, '2021 Winter SMTOWN: SMCU Express', 74162, '2021-12-27', '2023-07-25 04:24:13', '2022-03-30 16:00:00'),
(86, 78, '2021 Winter SMTOWN: SMCU Express', 74087, '2021-12-27', '2023-07-25 04:24:13', '2022-03-30 16:00:00'),
(87, 78, '2021 Winter SMTOWN: SMCU Express', 41833, '2021-12-27', '2023-07-25 04:24:13', '2022-03-30 16:00:00'),
(88, 78, '2021 Winter SMTOWN: SMCU Express', 5265, '2021-12-27', '2023-07-25 04:24:13', '2022-01-30 16:00:00'),
(89, 78, '2021 Winter SMTOWN: SMCU Express', 62545, '2021-12-27', '2023-07-25 04:24:13', '2022-03-30 16:00:00'),
(90, 78, '2021 Winter SMTOWN: SMCU Express', 14336, '2021-12-27', '2023-07-25 04:24:13', '2022-01-30 16:00:00'),
(91, 78, '2021 Winter SMTOWN: SMCU Express', 2218, '2021-12-27', '2023-07-25 04:24:13', '2022-01-30 16:00:00'),
(92, 79, 'Gray Suit', 186465, '2022-04-04', '2023-07-25 04:24:13', '2022-04-29 16:00:00'),
(93, 80, 'Young-Luv.com', 182131, '2022-02-21', '2023-07-25 04:24:13', '2022-04-29 16:00:00'),
(94, 81, 'Christmas EveL', 14418, '2021-11-29', '2023-07-25 04:24:13', '2022-04-29 16:00:00'),
(95, 81, 'Oddinary', 1000088, '2022-03-18', '2023-07-25 04:24:13', '2022-04-29 16:00:00'),
(96, 82, 'The Road: Winter for Spring', 142663, '2022-02-28', '2023-07-25 04:24:13', '2022-04-29 16:00:00'),
(97, 83, 'Countdown Zero (Epilogue)', 8458, '2021-12-09', '2023-07-25 04:24:13', '2022-01-30 16:00:00'),
(98, 84, 'INVU', 179611, '2022-02-14', '2023-07-25 04:24:13', '2022-04-29 16:00:00'),
(99, 85, 'It\'s Me, It\'s We', 82307, '2022-03-02', '2023-07-25 04:24:13', '2022-04-29 16:00:00'),
(100, 86, 'Limited Edition \'1TAN\'', 8870, '2022-03-10', '2023-07-25 04:24:13', '2022-04-29 16:00:00'),
(101, 87, 'Maverick', 5566, '2021-11-01', '2023-07-25 04:24:13', '2022-02-27 16:00:00'),
(102, 87, 'Webtoon Level Up Alone (OST)', 10573, '2022-03-18', '2023-07-25 04:24:13', '2022-03-30 16:00:00'),
(103, 88, 'The Second Step: Chapter One', 668539, '2022-02-15', '2023-07-25 04:24:13', '2022-04-29 16:00:00'),
(104, 89, 'Blue Set Chapter 1. Tracks', 6170, '2022-01-05', '2023-07-25 04:24:13', '2022-01-30 16:00:00'),
(105, 90, 'Formula of Love: OT=<3', 8293, '2021-12-17', '2023-07-25 04:24:13', '2022-03-30 16:00:00'),
(106, 91, 'Novella', 31415, '2022-01-03', '2023-07-25 04:24:13', '2022-04-29 16:00:00'),
(107, 92, 'Serioues O-Round 3: Whole', 97187, '2022-04-25', '2023-07-25 04:24:13', '2022-04-29 16:00:00'),
(108, 93, 'Chronograph', 60959, '2022-01-18', '2023-07-25 04:24:13', '2022-02-27 16:00:00'),
(109, 94, 'Beam of Prism', 43638, '2022-02-10', '2023-07-25 04:24:13', '2022-02-27 16:00:00'),
(110, 95, 'Play Game: Awake', 81537, '2022-03-07', '2023-07-25 04:24:13', '2022-03-30 16:00:00'),
(111, 96, 'Love Pt. 1: First Love', 119853, '2022-03-16', '2023-07-25 04:24:13', '2022-03-30 16:00:00'),
(112, 97, 'Whee', 69470, '2022-01-17', '2023-07-25 04:24:13', '2022-01-30 16:00:00'),
(113, 98, 'Obsession', 56627, '2022-02-16', '2023-07-25 04:24:13', '2022-03-30 16:00:00'),
(114, 99, 'Pilmography', 33668, '2022-02-10', '2023-07-25 04:24:13', '2022-02-27 16:00:00'),
(115, 100, 'Super Yuppers!', 15135, '2022-01-05', '2023-07-25 04:24:13', '2022-01-30 16:00:00'),
(116, 101, 'End Theory Final Ed.', 7001, '2022-03-30', '2023-07-25 04:24:13', '2022-03-30 16:00:00'),
(117, 102, 'Miro', 6595, '2022-04-27', '2023-07-25 04:24:13', '2022-04-29 16:00:00'),
(118, 103, 'Youni-Birth', 21927, '2022-04-22', '2023-07-25 04:24:13', '2022-04-29 16:00:00'),
(119, 104, 'Rec.', 22970, '2022-01-21', '2023-07-25 04:24:13', '2022-01-30 16:00:00');

-- --------------------------------------------------------

--
-- Table structure for table `artists`
--

CREATE TABLE `artists` (
  `id` bigint(20) UNSIGNED NOT NULL,
  `name` varchar(255) NOT NULL,
  `code` varchar(255) NOT NULL,
  `created_at` timestamp NULL DEFAULT NULL,
  `updated_at` timestamp NULL DEFAULT NULL
) ENGINE=InnoDB DEFAULT CHARSET=utf8mb4 COLLATE=utf8mb4_unicode_ci;

--
-- Dumping data for table `artists`
--

INSERT INTO `artists` (`id`, `name`, `code`, `created_at`, `updated_at`) VALUES
(1, 'Artist', 'ART9185', '2023-07-25 03:58:05', '2023-07-25 03:58:05'),
(2, 'AB6IX', 'AB65920', '2023-07-25 03:58:05', '2023-07-25 03:58:05'),
(3, 'aespa', 'AES7984', '2023-07-25 03:58:05', '2023-07-25 03:58:05'),
(4, 'Apink', 'API2712', '2023-07-25 03:58:05', '2023-07-25 03:58:05'),
(5, 'ATEEZ', 'ATE8894', '2023-07-25 03:58:05', '2023-07-25 03:58:05'),
(6, 'BAE173', 'BAE7569', '2023-07-25 03:58:05', '2023-07-25 03:58:05'),
(7, 'BamBam', 'BAM8325', '2023-07-25 03:58:05', '2023-07-25 03:58:05'),
(8, 'Bang Yongguk', 'BAN3456', '2023-07-25 03:58:05', '2023-07-25 03:58:05'),
(9, 'Billlie', 'BIL5323', '2023-07-25 03:58:05', '2023-07-25 03:58:05'),
(10, 'Blitzers', 'BLI8539', '2023-07-25 03:58:05', '2023-07-25 03:58:05'),
(11, 'Bolbbalgan4', 'BOL4035', '2023-07-25 03:58:05', '2023-07-25 03:58:05'),
(12, 'Brave Girls', 'BRA7881', '2023-07-25 03:58:05', '2023-07-25 03:58:05'),
(13, 'BTOB', 'BTO6006', '2023-07-25 03:58:05', '2023-07-25 03:58:05'),
(14, 'Choi Yena', 'CHO7147', '2023-07-25 03:58:05', '2023-07-25 03:58:05'),
(15, 'Cravity', 'CRA7868', '2023-07-25 03:58:05', '2023-07-25 03:58:05'),
(16, 'Cherry Bullet', 'CHE2354', '2023-07-25 03:58:05', '2023-07-25 03:58:05'),
(17, 'Def.', 'DEF1853', '2023-07-25 03:58:05', '2023-07-25 03:58:05'),
(18, 'DKZ', 'DKZ8541', '2023-07-25 03:58:05', '2023-07-25 03:58:05'),
(19, 'Dreamcatcher', 'DRE5614', '2023-07-25 03:58:05', '2023-07-25 03:58:05'),
(20, 'Drippin', 'DRI3997', '2023-07-25 03:58:05', '2023-07-25 03:58:05'),
(21, 'E\'LAST', 'E\'L2224', '2023-07-25 03:58:05', '2023-07-25 03:58:05'),
(22, 'Enhypen', 'ENH3498', '2023-07-25 03:58:05', '2023-07-25 03:58:05'),
(23, 'Epex', 'EPE1356', '2023-07-25 03:58:05', '2023-07-25 03:58:05'),
(24, 'Epik High', 'EPI5528', '2023-07-25 03:58:05', '2023-07-25 03:58:05'),
(25, 'Eric Nam', 'ERI9944', '2023-07-25 03:58:05', '2023-07-25 03:58:05'),
(26, 'Everglow', 'EVE2441', '2023-07-25 03:58:05', '2023-07-25 03:58:05'),
(27, 'fromis_9', 'FRO9420', '2023-07-25 03:58:05', '2023-07-25 03:58:05'),
(28, '(G)I-dle', '(G)4132', '2023-07-25 03:58:05', '2023-07-25 03:58:05'),
(29, 'Ghost9', 'GHO1294', '2023-07-25 03:58:05', '2023-07-25 03:58:05'),
(30, 'Ha Sungwoon', 'HA 7298', '2023-07-25 03:58:05', '2023-07-25 03:58:05'),
(31, 'Highlight', 'HIG9482', '2023-07-25 03:58:05', '2023-07-25 03:58:05'),
(32, 'ILY:1', 'ILY7994', '2023-07-25 03:58:05', '2023-07-25 03:58:05'),
(33, 'IVE', 'IVE6396', '2023-07-25 03:58:05', '2023-07-25 03:58:05'),
(34, 'Jinjin & Rocky', 'JIN4683', '2023-07-25 03:58:05', '2023-07-25 03:58:05'),
(35, 'Just B', 'JUS2023', '2023-07-25 03:58:05', '2023-07-25 03:58:05'),
(36, 'Kai', 'KAI2380', '2023-07-25 03:58:05', '2023-07-25 03:58:05'),
(37, 'Kang Hyewon', 'KAN1097', '2023-07-25 03:58:05', '2023-07-25 03:58:05'),
(38, 'Kep1er', 'KEP7234', '2023-07-25 03:58:05', '2023-07-25 03:58:05'),
(39, 'Kihyun', 'KIH2415', '2023-07-25 03:58:05', '2023-07-25 03:58:05'),
(40, 'Kim Jaehwan', 'KIM6933', '2023-07-25 03:58:05', '2023-07-25 03:58:05'),
(41, 'Kim Junsu', 'KIM9641', '2023-07-25 03:58:05', '2023-07-25 03:58:05'),
(42, 'Kim Sungkyu', 'KIM9588', '2023-07-25 03:58:05', '2023-07-25 03:58:05'),
(43, 'Kim Wooseok', 'KIM3767', '2023-07-25 03:58:05', '2023-07-25 03:58:05'),
(44, 'Kim Yohan', 'KIM7244', '2023-07-25 03:58:05', '2023-07-25 03:58:05'),
(45, 'Kingdom', 'KIN4119', '2023-07-25 03:58:05', '2023-07-25 03:58:05'),
(46, 'Kwon Eunbi', 'KWO3437', '2023-07-25 03:58:05', '2023-07-25 03:58:05'),
(47, 'Kyuhyun', 'KYU6314', '2023-07-25 03:58:05', '2023-07-25 03:58:05'),
(48, 'Lee Seokhoon', 'LEE1675', '2023-07-25 03:58:05', '2023-07-25 03:58:05'),
(49, 'Lee Seungyoon', 'LEE4014', '2023-07-25 03:58:05', '2023-07-25 03:58:05'),
(50, 'Lisa', 'LIS2133', '2023-07-25 03:58:05', '2023-07-25 03:58:05'),
(51, 'LUNA', 'LUN2584', '2023-07-25 03:58:05', '2023-07-25 03:58:05'),
(52, 'Max Changmin', 'MAX7608', '2023-07-25 03:58:05', '2023-07-25 03:58:05'),
(53, 'Mirae', 'MIR6266', '2023-07-25 03:58:05', '2023-07-25 03:58:05'),
(54, 'Miyeon', 'MIY8160', '2023-07-25 03:58:05', '2023-07-25 03:58:05'),
(55, 'Monsta X', 'MON8827', '2023-07-25 03:58:05', '2023-07-25 03:58:05'),
(56, 'Moonbin & Sanha', 'MOO8389', '2023-07-25 03:58:05', '2023-07-25 03:58:05'),
(57, 'Moonbyul', 'MOO8991', '2023-07-25 03:58:05', '2023-07-25 03:58:05'),
(58, 'NCT 127', 'NCT6941', '2023-07-25 03:58:05', '2023-07-25 03:58:05'),
(59, 'NCT 2021', 'NCT9979', '2023-07-25 03:58:05', '2023-07-25 03:58:05'),
(60, 'NCT Dream', 'NCT5943', '2023-07-25 03:58:05', '2023-07-25 03:58:05'),
(61, 'NINE.i', 'NIN3053', '2023-07-25 03:58:05', '2023-07-25 03:58:05'),
(62, 'NMIXX', 'NMI1059', '2023-07-25 03:58:05', '2023-07-25 03:58:05'),
(63, 'NU\'EST', 'NU\'3304', '2023-07-25 03:58:05', '2023-07-25 03:58:05'),
(64, 'Oh My Girl', 'OH 8892', '2023-07-25 03:58:05', '2023-07-25 03:58:05'),
(65, 'Omega X', 'OME3487', '2023-07-25 03:58:05', '2023-07-25 03:58:05'),
(66, 'Onew', 'ONE1172', '2023-07-25 03:58:05', '2023-07-25 03:58:05'),
(67, 'ONEWE', 'ONE3378', '2023-07-25 03:58:05', '2023-07-25 03:58:05'),
(68, 'ONF', 'ONF3419', '2023-07-25 03:58:05', '2023-07-25 03:58:05'),
(69, 'OnlyOneOf', 'ONL7764', '2023-07-25 03:58:05', '2023-07-25 03:58:05'),
(70, 'P1Harmony', 'P1H8192', '2023-07-25 03:58:05', '2023-07-25 03:58:05'),
(71, 'Pentagon', 'PEN9662', '2023-07-25 03:58:05', '2023-07-25 03:58:05'),
(72, 'Purple Kiss', 'PUR1471', '2023-07-25 03:58:05', '2023-07-25 03:58:05'),
(73, 'Ravi', 'RAV9661', '2023-07-25 03:58:05', '2023-07-25 03:58:05'),
(74, 'Red Velvet', 'RED9078', '2023-07-25 03:58:05', '2023-07-25 03:58:05'),
(75, 'Rocket Punch', 'ROC2091', '2023-07-25 03:58:05', '2023-07-25 03:58:05'),
(76, 'Seventeen', 'SEV3235', '2023-07-25 03:58:05', '2023-07-25 03:58:05'),
(77, 'Solar', 'SOL6278', '2023-07-25 03:58:05', '2023-07-25 03:58:05'),
(78, 'SMTOWN', 'SMT8006', '2023-07-25 03:58:05', '2023-07-25 03:58:05'),
(79, 'Suho', 'SUH2599', '2023-07-25 03:58:05', '2023-07-25 03:58:05'),
(80, 'StayC', 'STA8427', '2023-07-25 03:58:05', '2023-07-25 03:58:05'),
(81, 'Stray Kids', 'STR7170', '2023-07-25 03:58:05', '2023-07-25 03:58:05'),
(82, 'Super Junior', 'SUP9524', '2023-07-25 03:58:05', '2023-07-25 03:58:05'),
(83, 'Super Junior - D&E', 'SUP4867', '2023-07-25 03:58:05', '2023-07-25 03:58:05'),
(84, 'Taeyeon', 'TAE7509', '2023-07-25 03:58:05', '2023-07-25 03:58:05'),
(85, 'Tempest', 'TEM7588', '2023-07-25 03:58:05', '2023-07-25 03:58:05'),
(86, 'Tan', 'TAN7999', '2023-07-25 03:58:05', '2023-07-25 03:58:05'),
(87, 'The Boyz', 'THE5118', '2023-07-25 03:58:05', '2023-07-25 03:58:05'),
(88, 'Treasure', 'TRE2197', '2023-07-25 03:58:05', '2023-07-25 03:58:05'),
(89, 'Trendz', 'TRE4365', '2023-07-25 03:58:05', '2023-07-25 03:58:05'),
(90, 'Twice', 'TWI5028', '2023-07-25 03:58:05', '2023-07-25 03:58:05'),
(91, 'UP10TION', 'UP19834', '2023-07-25 03:58:05', '2023-07-25 03:58:05'),
(92, 'Verivery', 'VER1515', '2023-07-25 03:58:05', '2023-07-25 03:58:05'),
(93, 'Victon', 'VIC9203', '2023-07-25 03:58:05', '2023-07-25 03:58:05'),
(94, 'Viviz', 'VIV5944', '2023-07-25 03:58:05', '2023-07-25 03:58:05'),
(95, 'Weeekly', 'WEE3932', '2023-07-25 03:58:05', '2023-07-25 03:58:05'),
(96, 'WEi', 'WEI4123', '2023-07-25 03:58:05', '2023-07-25 03:58:05'),
(97, 'Wheein', 'WHE7273', '2023-07-25 03:58:05', '2023-07-25 03:58:05'),
(98, 'Wonho', 'WON3079', '2023-07-25 03:58:05', '2023-07-25 03:58:05'),
(99, 'Wonpil', 'WON5078', '2023-07-25 03:58:05', '2023-07-25 03:58:05'),
(100, 'WJSN Chocome', 'WJS9322', '2023-07-25 03:58:05', '2023-07-25 03:58:05'),
(101, 'Younha', 'YOU6345', '2023-07-25 03:58:05', '2023-07-25 03:58:05'),
(102, 'Yoon Jisung', 'YOO6166', '2023-07-25 03:58:05', '2023-07-25 03:58:05'),
(103, 'Younite', 'YOU7872', '2023-07-25 03:58:05', '2023-07-25 03:58:05'),
(104, 'Yuju', 'YUJ3100', '2023-07-25 03:58:05', '2023-07-25 03:58:05');

-- --------------------------------------------------------

--
-- Table structure for table `failed_jobs`
--

CREATE TABLE `failed_jobs` (
  `id` bigint(20) UNSIGNED NOT NULL,
  `uuid` varchar(255) NOT NULL,
  `connection` text NOT NULL,
  `queue` text NOT NULL,
  `payload` longtext NOT NULL,
  `exception` longtext NOT NULL,
  `failed_at` timestamp NOT NULL DEFAULT current_timestamp()
) ENGINE=InnoDB DEFAULT CHARSET=utf8mb4 COLLATE=utf8mb4_unicode_ci;

-- --------------------------------------------------------

--
-- Table structure for table `migrations`
--

CREATE TABLE `migrations` (
  `id` int(10) UNSIGNED NOT NULL,
  `migration` varchar(255) NOT NULL,
  `batch` int(11) NOT NULL
) ENGINE=InnoDB DEFAULT CHARSET=utf8mb4 COLLATE=utf8mb4_unicode_ci;

--
-- Dumping data for table `migrations`
--

INSERT INTO `migrations` (`id`, `migration`, `batch`) VALUES
(1, '2014_10_12_000000_create_users_table', 1),
(2, '2014_10_12_100000_create_password_reset_tokens_table', 1),
(3, '2019_08_19_000000_create_failed_jobs_table', 1),
(4, '2019_12_14_000001_create_personal_access_tokens_table', 1),
(5, '2023_07_25_095143_create_artists_table', 2),
(6, '2023_07_25_095219_create_albums_table', 2);

-- --------------------------------------------------------

--
-- Table structure for table `password_reset_tokens`
--

CREATE TABLE `password_reset_tokens` (
  `email` varchar(255) NOT NULL,
  `token` varchar(255) NOT NULL,
  `created_at` timestamp NULL DEFAULT NULL
) ENGINE=InnoDB DEFAULT CHARSET=utf8mb4 COLLATE=utf8mb4_unicode_ci;

-- --------------------------------------------------------

--
-- Table structure for table `personal_access_tokens`
--

CREATE TABLE `personal_access_tokens` (
  `id` bigint(20) UNSIGNED NOT NULL,
  `tokenable_type` varchar(255) NOT NULL,
  `tokenable_id` bigint(20) UNSIGNED NOT NULL,
  `name` varchar(255) NOT NULL,
  `token` varchar(64) NOT NULL,
  `abilities` text DEFAULT NULL,
  `last_used_at` timestamp NULL DEFAULT NULL,
  `expires_at` timestamp NULL DEFAULT NULL,
  `created_at` timestamp NULL DEFAULT NULL,
  `updated_at` timestamp NULL DEFAULT NULL
) ENGINE=InnoDB DEFAULT CHARSET=utf8mb4 COLLATE=utf8mb4_unicode_ci;

-- --------------------------------------------------------

--
-- Table structure for table `users`
--

CREATE TABLE `users` (
  `id` bigint(20) UNSIGNED NOT NULL,
  `name` varchar(255) NOT NULL,
  `email` varchar(255) NOT NULL,
  `email_verified_at` timestamp NULL DEFAULT NULL,
  `password` varchar(255) NOT NULL,
  `remember_token` varchar(100) DEFAULT NULL,
  `created_at` timestamp NULL DEFAULT NULL,
  `updated_at` timestamp NULL DEFAULT NULL
) ENGINE=InnoDB DEFAULT CHARSET=utf8mb4 COLLATE=utf8mb4_unicode_ci;

--
-- Dumping data for table `users`
--

INSERT INTO `users` (`id`, `name`, `email`, `email_verified_at`, `password`, `remember_token`, `created_at`, `updated_at`) VALUES
(1, 'Richard', 'sotelo.richardjohn@gmail.com', NULL, '$2y$10$21UY.irmkzzoQhM7STB8t.ifXNS82JZ6bI4/2Lk5Fw2xOUCcm6z6W', NULL, '2023-07-25 05:54:32', '2023-07-25 05:54:32');

--
-- Indexes for dumped tables
--

--
-- Indexes for table `albums`
--
ALTER TABLE `albums`
  ADD PRIMARY KEY (`id`),
  ADD KEY `albums_artist_id_foreign` (`artist_id`);

--
-- Indexes for table `artists`
--
ALTER TABLE `artists`
  ADD PRIMARY KEY (`id`);

--
-- Indexes for table `failed_jobs`
--
ALTER TABLE `failed_jobs`
  ADD PRIMARY KEY (`id`),
  ADD UNIQUE KEY `failed_jobs_uuid_unique` (`uuid`);

--
-- Indexes for table `migrations`
--
ALTER TABLE `migrations`
  ADD PRIMARY KEY (`id`);

--
-- Indexes for table `password_reset_tokens`
--
ALTER TABLE `password_reset_tokens`
  ADD PRIMARY KEY (`email`);

--
-- Indexes for table `personal_access_tokens`
--
ALTER TABLE `personal_access_tokens`
  ADD PRIMARY KEY (`id`),
  ADD UNIQUE KEY `personal_access_tokens_token_unique` (`token`),
  ADD KEY `personal_access_tokens_tokenable_type_tokenable_id_index` (`tokenable_type`,`tokenable_id`);

--
-- Indexes for table `users`
--
ALTER TABLE `users`
  ADD PRIMARY KEY (`id`),
  ADD UNIQUE KEY `users_email_unique` (`email`);

--
-- AUTO_INCREMENT for dumped tables
--

--
-- AUTO_INCREMENT for table `albums`
--
ALTER TABLE `albums`
  MODIFY `id` bigint(20) UNSIGNED NOT NULL AUTO_INCREMENT, AUTO_INCREMENT=120;

--
-- AUTO_INCREMENT for table `artists`
--
ALTER TABLE `artists`
  MODIFY `id` bigint(20) UNSIGNED NOT NULL AUTO_INCREMENT, AUTO_INCREMENT=105;

--
-- AUTO_INCREMENT for table `failed_jobs`
--
ALTER TABLE `failed_jobs`
  MODIFY `id` bigint(20) UNSIGNED NOT NULL AUTO_INCREMENT;

--
-- AUTO_INCREMENT for table `migrations`
--
ALTER TABLE `migrations`
  MODIFY `id` int(10) UNSIGNED NOT NULL AUTO_INCREMENT, AUTO_INCREMENT=7;

--
-- AUTO_INCREMENT for table `personal_access_tokens`
--
ALTER TABLE `personal_access_tokens`
  MODIFY `id` bigint(20) UNSIGNED NOT NULL AUTO_INCREMENT;

--
-- AUTO_INCREMENT for table `users`
--
ALTER TABLE `users`
  MODIFY `id` bigint(20) UNSIGNED NOT NULL AUTO_INCREMENT, AUTO_INCREMENT=2;

--
-- Constraints for dumped tables
--

--
-- Constraints for table `albums`
--
ALTER TABLE `albums`
  ADD CONSTRAINT `albums_artist_id_foreign` FOREIGN KEY (`artist_id`) REFERENCES `artists` (`id`) ON DELETE CASCADE;
COMMIT;

/*!40101 SET CHARACTER_SET_CLIENT=@OLD_CHARACTER_SET_CLIENT */;
/*!40101 SET CHARACTER_SET_RESULTS=@OLD_CHARACTER_SET_RESULTS */;
/*!40101 SET COLLATION_CONNECTION=@OLD_COLLATION_CONNECTION */;
